{ "columns":0,
 "grid":
    {
     "height":1,
     "orientation":"orthogonal",
     "width":1
    },
 "margin":0,
 "name":"items",
 "spacing":0,
 "tilecount":24,
 "tiledversion":"1.4.3",
 "tileheight":128,
 "tiles":[
        {
         "id":0,
         "image":"..\/images\/items\/coinBronze.png",
         "imageheight":128,
         "imagewidth":128,
         "objectgroup":
            {
             "draworder":"index",
             "name":"",
             "objects":[
                    {
                     "ellipse":true,
                     "height":64,
                     "id":2,
                     "name":"",
                     "rotation":0,
                     "type":"",
                     "visible":true,
                     "width":64,
                     "x":32,
                     "y":32
                    }],
             "opacity":1,
             "type":"objectgroup",
             "visible":true,
             "x":0,
             "y":0
            },
         "properties":[
                {
                 "name":"Points",
                 "type":"string",
                 "value":"1"
                }]
        }, 
        {
         "id":1,
         "image":"..\/images\/items\/coinGold.png",
         "imageheight":128,
         "imagewidth":128,
         "objectgroup":
            {
             "draworder":"index",
             "name":"",
             "objects":[
                    {
                     "ellipse":true,
                     "height":64,
                     "id":1,
                     "name":"",
                     "rotation":0,
                     "type":"",
                     "visible":true,
                     "width":64,
                     "x":32,
                     "y":32
                    }],
             "opacity":1,
             "type":"objectgroup",
             "visible":true,
             "x":0,
             "y":0
            },
         "properties":[
                {
                 "name":"Points",
                 "type":"string",
                 "value":"10"
                }]
        }, 
        {
         "id":2,
         "image":"..\/images\/items\/coinSilver.png",
         "imageheight":128,
         "imagewidth":128,
         "objectgroup":
            {
             "draworder":"index",
             "name":"",
             "objects":[
                    {
                     "ellipse":true,
                     "height":64,
                     "id":1,
                     "name":"",
                     "rotation":0,
                     "type":"",
                     "visible":true,
                     "width":64,
                     "x":32,
                     "y":32
                    }],
             "opacity":1,
             "type":"objectgroup",
             "visible":true,
             "x":0,
             "y":0
            },
         "properties":[
                {
                 "name":"Points",
                 "type":"string",
                 "value":"5"
                }]
        }, 
        {
         "id":3,
         "image":"..\/images\/items\/flagGreen_down.png",
         "imageheight":128,
         "imagewidth":128,
         "objectgroup":
            {
             "draworder":"index",
             "name":"",
             "objects":[
                    {
                     "height":128,
                     "id":1,
                     "name":"",
                     "rotation":0,
                     "type":"",
                     "visible":true,
                     "width":32,
                     "x":0,
                     "y":0
                    }],
             "opacity":1,
             "type":"objectgroup",
             "visible":true,
             "x":0,
             "y":0
            }
        }, 
        {
         "animation":[
                {
                 "duration":500,
                 "tileid":4
                }, 
                {
                 "duration":500,
                 "tileid":5
                }],
         "id":4,
         "image":"..\/images\/items\/flagGreen1.png",
         "imageheight":128,
         "imagewidth":128,
         "properties":[
                {
                 "name":"Points",
                 "type":"string",
                 "value":"25"
                }]
        }, 
        {
         "id":5,
         "image":"..\/images\/items\/flagGreen2.png",
         "imageheight":128,
         "imagewidth":128
        }, 
        {
         "id":6,
         "image":"..\/images\/items\/flagRed_down.png",
         "imageheight":128,
         "imagewidth":128
        }, 
        {
         "id":7,
         "image":"..\/images\/items\/flagRed1.png",
         "imageheight":128,
         "imagewidth":128
        }, 
        {
         "id":8,
         "image":"..\/images\/items\/flagRed2.png",
         "imageheight":128,
         "imagewidth":128
        }, 
        {
         "id":9,
         "image":"..\/images\/items\/flagYellow_down.png",
         "imageheight":128,
         "imagewidth":128
        }, 
        {
         "id":10,
         "image":"..\/images\/items\/flagYellow1.png",
         "imageheight":128,
         "imagewidth":128
        }, 
        {
         "id":11,
         "image":"..\/images\/items\/flagYellow2.png",
         "imageheight":128,
         "imagewidth":128
        }, 
        {
         "id":12,
         "image":"..\/images\/items\/gemBlue.png",
         "imageheight":128,
         "imagewidth":128,
         "objectgroup":
            {
             "draworder":"index",
             "name":"",
             "objects":[
                    {
                     "height":0,
                     "id":1,
                     "name":"",
                     "polygon":[
                            {
                             "x":0,
                             "y":0
                            }, 
                            {
                             "x":-13.8182,
                             "y":19.2727
                            }, 
                            {
                             "x":-13.4545,
                             "y":24.1818
                            }, 
                            {
                             "x":21.6364,
                             "y":47.0909
                            }, 
                            {
                             "x":55.8182,
                             "y":24.9091
                            }, 
                            {
                             "x":56,
                             "y":18.5455
                            }, 
                            {
                             "x":42.5455,
                             "y":-0.545455
                            }],
                     "rotation":0,
                     "type":"",
                     "visible":true,
                     "width":0,
                     "x":42.5455,
                     "y":41.0909
                    }],
             "opacity":1,
             "type":"objectgroup",
             "visible":true,
             "x":0,
             "y":0
            }
        }, 
        {
         "id":13,
         "image":"..\/images\/items\/gemGreen.png",
         "imageheight":128,
         "imagewidth":128
        }, 
        {
         "id":14,
         "image":"..\/images\/items\/gemRed.png",
         "imageheight":128,
         "imagewidth":128
        }, 
        {
         "id":15,
         "image":"..\/images\/items\/gemYellow.png",
         "imageheight":128,
         "imagewidth":128
        }, 
        {
         "id":16,
         "image":"..\/images\/items\/keyBlue.png",
         "imageheight":128,
         "imagewidth":128
        }, 
        {
         "id":17,
         "image":"..\/images\/items\/keyGreen.png",
         "imageheight":128,
         "imagewidth":128
        }, 
        {
         "id":18,
         "image":"..\/images\/items\/keyRed.png",
         "imageheight":128,
         "imagewidth":128
        }, 
        {
         "id":19,
         "image":"..\/images\/items\/keyYellow.png",
         "imageheight":128,
         "imagewidth":128
        }, 
        {
         "id":20,
         "image":"..\/images\/items\/star.png",
         "imageheight":128,
         "imagewidth":128
        }, 
        {
         "id":21,
         "image":"..\/images\/tiles\/torch1.png",
         "imageheight":128,
         "imagewidth":128
        }, 
        {
         "animation":[
                {
                 "duration":400,
                 "tileid":21
                }, 
                {
                 "duration":400,
                 "tileid":22
                }],
         "id":22,
         "image":"..\/images\/tiles\/torch2.png",
         "imageheight":128,
         "imagewidth":128
        }, 
        {
         "id":23,
         "image":"..\/images\/tiles\/torchOff.png",
         "imageheight":128,
         "imagewidth":128
        }],
 "tilewidth":128,
 "type":"tileset",
 "version":1.4
}