{ "backgroundcolor":"#f3e8a4",
 "compressionlevel":-1,
 "height":20,
 "infinite":false,
 "layers":[
        {
         "compression":"zlib",
         "data":"eJy9lMEKwDAIQ4Vetv3\/B48dChJmjAoVeli1fVZdlpmtQyuzEwxkdfL57A5W1Rgj8kW8C3zPgIG87rvYW3G\/yqn2XDVfQ6z59L79rc4wcqN5q\/bV38d6haYyonNqDTsMI\/tdRtb3qB9+fjyvq10TDc3yVhn4T2TxfxpSOcMYai5Mm9WZrcQxH+oz0wEWx3wvd0cEsw==",
         "encoding":"base64",
         "height":20,
         "id":1,
         "name":"Platforms",
         "opacity":1,
         "type":"tilelayer",
         "visible":true,
         "width":25,
         "x":0,
         "y":0
        }],
 "nextlayerid":2,
 "nextobjectid":1,
 "orientation":"orthogonal",
 "renderorder":"right-down",
 "tiledversion":"1.4.3",
 "tileheight":128,
 "tilesets":[
        {
         "firstgid":1,
         "source":"standard_tileset.json"
        }],
 "tilewidth":128,
 "type":"map",
 "version":1.4,
 "width":25
}